norm_dist,color,radiation,
188.4658877,#FFEE00,43,1000000
94.23294384,#FBB806,1030,500000
18.84658877,#F6830C,13400,100000
9.423294384,#F24D11,69000,50000
0.3769317753,#ED1717,145000,2000